{
  "Elements": [
    {
      "__type": "KeyboardKey",
      "Id": 1,
      "Boundaries": [
        {
          "X": 44,
          "Y": 3
        },
        {
          "X": 84,
          "Y": 3
        },
        {
          "X": 84,
          "Y": 43
        },
        {
          "X": 44,
          "Y": 43
        }
      ],
      "KeyCodes": [
        87
      ],
      "Text": "W",
      "TextPosition": {
        "X": 64,
        "Y": 23
      },
      "ChangeOnCaps": true,
      "ShiftText": "W"
    },
    {
      "__type": "KeyboardKey",
      "Id": 2,
      "Boundaries": [
        {
          "X": 44,
          "Y": 45
        },
        {
          "X": 84,
          "Y": 45
        },
        {
          "X": 84,
          "Y": 85
        },
        {
          "X": 44,
          "Y": 85
        }
      ],
      "KeyCodes": [
        83
      ],
      "Text": "S",
      "TextPosition": {
        "X": 64,
        "Y": 65
      },
      "ChangeOnCaps": true,
      "ShiftText": "S"
    },
    {
      "__type": "KeyboardKey",
      "Id": 3,
      "Boundaries": [
        {
          "X": 51,
          "Y": 87
        },
        {
          "X": 91,
          "Y": 87
        },
        {
          "X": 91,
          "Y": 127
        },
        {
          "X": 51,
          "Y": 127
        }
      ],
      "KeyCodes": [
        32
      ],
      "Text": "Jump",
      "TextPosition": {
        "X": 71,
        "Y": 107
      },
      "ChangeOnCaps": true,
      "ShiftText": "Jump"
    },
    {
      "__type": "KeyboardKey",
      "Id": 4,
      "Boundaries": [
        {
          "X": 86,
          "Y": 45
        },
        {
          "X": 126,
          "Y": 45
        },
        {
          "X": 126,
          "Y": 85
        },
        {
          "X": 86,
          "Y": 85
        }
      ],
      "KeyCodes": [
        68
      ],
      "Text": "D",
      "TextPosition": {
        "X": 106,
        "Y": 65
      },
      "ChangeOnCaps": true,
      "ShiftText": "D"
    },
    {
      "__type": "KeyboardKey",
      "Id": 5,
      "Boundaries": [
        {
          "X": 128,
          "Y": 45
        },
        {
          "X": 175,
          "Y": 45
        },
        {
          "X": 175,
          "Y": 85
        },
        {
          "X": 128,
          "Y": 85
        }
      ],
      "KeyCodes": [
        70
      ],
      "Text": "Brace",
      "TextPosition": {
        "X": 151,
        "Y": 65
      },
      "ChangeOnCaps": true,
      "ShiftText": "Brace"
    },
    {
      "__type": "KeyboardKey",
      "Id": 7,
      "Boundaries": [
        {
          "X": 2,
          "Y": 87
        },
        {
          "X": 49,
          "Y": 87
        },
        {
          "X": 49,
          "Y": 127
        },
        {
          "X": 2,
          "Y": 127
        }
      ],
      "KeyCodes": [
        160
      ],
      "Text": "Slide",
      "TextPosition": {
        "X": 25,
        "Y": 107
      },
      "ChangeOnCaps": true,
      "ShiftText": "Slide"
    },
    {
      "__type": "KeyboardKey",
      "Id": 8,
      "Boundaries": [
        {
          "X": 2,
          "Y": 45
        },
        {
          "X": 42,
          "Y": 45
        },
        {
          "X": 42,
          "Y": 85
        },
        {
          "X": 2,
          "Y": 85
        }
      ],
      "KeyCodes": [
        65
      ],
      "Text": "A",
      "TextPosition": {
        "X": 22,
        "Y": 65
      },
      "ChangeOnCaps": true,
      "ShiftText": "A"
    },
    {
      "__type": "KeyboardKey",
      "Id": 9,
      "Boundaries": [
        {
          "X": 2,
          "Y": 3
        },
        {
          "X": 42,
          "Y": 3
        },
        {
          "X": 42,
          "Y": 43
        },
        {
          "X": 2,
          "Y": 43
        }
      ],
      "KeyCodes": [
        81
      ],
      "Text": "Arm",
      "TextPosition": {
        "X": 22,
        "Y": 23
      },
      "ChangeOnCaps": true,
      "ShiftText": "Arm"
    },
    {
      "__type": "MouseKey",
      "Id": 10,
      "Boundaries": [
        {
          "X": 93,
          "Y": 87
        },
        {
          "X": 148,
          "Y": 87
        },
        {
          "X": 148,
          "Y": 127
        },
        {
          "X": 93,
          "Y": 127
        }
      ],
      "KeyCodes": [
        1
      ],
      "Text": "Charge",
      "TextPosition": {
        "X": 120,
        "Y": 107
      }
    },
    {
      "__type": "MouseKey",
      "Id": 11,
      "Boundaries": [
        {
          "X": 86,
          "Y": 3
        },
        {
          "X": 141,
          "Y": 3
        },
        {
          "X": 141,
          "Y": 43
        },
        {
          "X": 86,
          "Y": 43
        }
      ],
      "KeyCodes": [
        0
      ],
      "Text": "Attack",
      "TextPosition": {
        "X": 113,
        "Y": 23
      }
    },
    {
      "__type": "KeyboardKey",
      "Id": 12,
      "Boundaries": [
        {
          "X": 215,
          "Y": 3
        },
        {
          "X": 256,
          "Y": 3
        },
        {
          "X": 256,
          "Y": 43
        },
        {
          "X": 215,
          "Y": 43
        }
      ],
      "KeyCodes": [
        88
      ],
      "Text": "View",
      "TextPosition": {
        "X": 235,
        "Y": 23
      },
      "ChangeOnCaps": true,
      "ShiftText": "View"
    },
    {
      "__type": "KeyboardKey",
      "Id": 13,
      "Boundaries": [
        {
          "X": 143,
          "Y": 3
        },
        {
          "X": 213,
          "Y": 3
        },
        {
          "X": 213,
          "Y": 43
        },
        {
          "X": 143,
          "Y": 43
        }
      ],
      "KeyCodes": [
        69
      ],
      "Text": "Interact",
      "TextPosition": {
        "X": 178,
        "Y": 23
      },
      "ChangeOnCaps": true,
      "ShiftText": "Interact"
    },
    {
      "__type": "KeyboardKey",
      "Id": 14,
      "Boundaries": [
        {
          "X": 177,
          "Y": 45
        },
        {
          "X": 256,
          "Y": 45
        },
        {
          "X": 256,
          "Y": 85
        },
        {
          "X": 177,
          "Y": 85
        }
      ],
      "KeyCodes": [
        67
      ],
      "Text": "Secondary",
      "TextPosition": {
        "X": 216,
        "Y": 65
      },
      "ChangeOnCaps": true,
      "ShiftText": "Secondary"
    },
    {
      "__type": "KeyboardKey",
      "Id": 15,
      "Boundaries": [
        {
          "X": 214,
          "Y": 87
        },
        {
          "X": 269,
          "Y": 87
        },
        {
          "X": 269,
          "Y": 127
        },
        {
          "X": 214,
          "Y": 127
        }
      ],
      "KeyCodes": [
        84
      ],
      "Text": "Cancel",
      "TextPosition": {
        "X": 241,
        "Y": 107
      },
      "ChangeOnCaps": true,
      "ShiftText": "Cancel"
    },
    {
      "__type": "KeyboardKey",
      "Id": 16,
      "Boundaries": [
        {
          "X": 150,
          "Y": 87
        },
        {
          "X": 212,
          "Y": 87
        },
        {
          "X": 212,
          "Y": 127
        },
        {
          "X": 150,
          "Y": 127
        }
      ],
      "KeyCodes": [
        82
      ],
      "Text": "Restart",
      "TextPosition": {
        "X": 181,
        "Y": 107
      },
      "ChangeOnCaps": true,
      "ShiftText": "Restart"
    }
  ],
  "Height": 130,
  "Version": 2,
  "Width": 272
}